Date,CNP16OV,FEDFUNDS,GDPC96,GDPDEF,BLS_WAGE,gdpr,gdpr_growth,pop_growth,pop_growth_smooth,gdpr_growth_pcap,mu_y,mu_w,mu_pi,mu_r
1/1/1947,,,2182.681,11.141,3.13,7.688309217,,,,,,,,
4/1/1947,,,2176.892,11.299,3.221,7.68565345,-0.265576624,,,,,2.86588658,5.63289166,
7/1/1947,,,2172.432,11.489,3.269,7.683602556,-0.205089415,,,,,1.479225739,6.670331858,
10/1/1947,,,2206.452,11.772,3.39,7.699141075,1.553851826,,,,,3.634579365,9.7335098,
1/1/1948,102690.6667,,2239.682,11.865,3.435,7.71408917,1.494809592,,,,,1.318700428,3.147623807,
4/1/1948,102915.3333,,2276.69,11.972,3.473,7.730477913,1.638874226,0.21854105,,1.420333176,,1.100184809,3.591080041,
7/1/1948,103249,,2289.77,12.193,3.568,7.736206655,0.572874208,0.323690284,,0.249183924,,2.698644096,7.316570635,
10/1/1948,103417.6667,,2292.364,12.23,3.643,7.737338878,0.113222367,0.163225843,,-0.050003476,,2.080230331,1.211973248,
1/1/1949,103584.3333,,2260.807,12.165,3.57,7.723477108,-1.386177031,0.161029075,,-1.547206106,,-2.024192223,-2.131589385,
4/1/1949,103838,,2253.128,12.043,3.536,7.720074752,-0.340235622,0.244589663,,-0.584825285,,-0.956945102,-4.031759183,
7/1/1949,104127.3333,,2276.424,11.988,3.584,7.73036107,1.028631768,0.278251683,,0.750380085,,1.348335034,-1.83097153,
10/1/1949,104427.6667,,2257.352,11.989,3.618,7.721947724,-0.841334574,0.288013753,,-1.129348327,,0.944189186,0.033365308,
1/1/1950,104733.3333,,2346.104,11.97,3.744,7.760511359,3.856363511,0.292279043,0.246202549,3.564084468,3.610160962,3.423317164,-0.634417262,
4/1/1950,105020.3333,,2417.682,12.011,3.789,7.790564509,3.005314987,0.273654505,0.253091731,2.731660482,2.752223256,1.194757342,1.367750801,
7/1/1950,105248.3333,,2511.127,12.272,3.856,7.828486935,3.792242646,0.216865492,0.239738632,3.575377154,3.552504014,1.752824471,8.598939221,
10/1/1950,104982.3333,,2559.214,12.502,3.927,7.847455459,1.896852374,-0.253055509,0.187703463,2.149907883,1.709148911,1.824539885,7.427354754,
1/1/1951,104692.3333,,2593.967,12.953,4.063,7.860943643,1.348818405,-0.276619193,0.13299743,1.625437598,1.215820975,3.404584141,14.17551602,
4/1/1951,104506.6667,,2638.898,13.039,4.18,7.878116685,1.717304162,-0.177502488,0.080235911,1.894806651,1.637068252,2.838962953,2.646977957,
7/1/1951,104542.6667,,2693.259,13.047,4.241,7.898507263,2.03905787,0.034441631,0.049759654,2.004616239,1.989298216,1.448784396,0.245342337,
10/1/1951,104746.6667,,2699.156,13.196,4.296,7.900694411,0.218714708,0.194945496,0.038126122,0.023769212,0.180588585,1.288526671,4.542212433,
1/1/1952,104863.3333,,2727.954,13.19,4.328,7.911307157,1.061274612,0.111317856,0.015505974,0.949956756,1.045768638,0.742118434,-0.181914655,
4/1/1952,105006.6667,,2733.8,13.206,4.411,7.913447862,0.214070507,0.136592515,-0.001626775,0.077477992,0.215697282,1.899587958,0.484922017,
7/1/1952,105342.6667,,2753.517,13.354,4.485,7.920634283,0.718642093,0.319468838,0.011198643,0.399173254,0.707443449,1.663707439,4.457877465,
10/1/1952,105703,,2843.941,13.39,4.588,7.952946045,3.231176264,0.34147461,0.085514908,2.889701654,3.145661355,2.270570376,1.076877707,
1/1/1953,106672,,2896.811,13.393,4.668,7.971365756,1.841971046,0.912543119,0.234160197,0.929427927,1.607810849,1.728651516,0.089609081,
4/1/1953,106904.6667,,2919.206,13.42,4.713,7.97906694,0.770118474,0.217876571,0.28358258,0.552241903,0.486535894,0.959393352,0.805579655,
7/1/1953,107139.6667,,2902.785,13.476,4.783,7.9734259,-0.564104051,0.219580767,0.306724971,-0.783684818,-0.870829023,1.474331676,1.6656776,
10/1/1953,107503.3333,,2858.845,13.501,4.78,7.958172976,-1.525292387,0.338857559,0.324713979,-1.864149946,-1.850006367,-0.062741819,0.741372492,
1/1/1954,107876.6667,,2845.192,13.544,4.81,7.953385831,-0.478714499,0.346674443,0.354133553,-0.825388942,-0.832848052,0.625653761,1.271955222,
4/1/1954,108177,,2848.305,13.556,4.881,7.954479359,0.109352839,0.278017524,0.371811679,-0.168664684,-0.262458839,1.465303279,0.354243566,
7/1/1954,108443.3333,1.03,2880.482,13.574,4.893,7.96571292,1.123356074,0.245898862,0.362615432,0.877457212,0.760740643,0.24554954,0.530777815,1.03
10/1/1954,108786,0.986666667,2936.852,13.611,4.963,7.985093538,1.938061814,0.315488655,0.359367187,1.622573159,1.578694626,1.42047843,1.088836427,0.986666667
1/1/1955,109130.3333,1.343333333,3020.746,13.675,4.938,8.0132591,2.816556136,0.316023691,0.284802259,2.500532445,2.531753877,-0.505000568,1.876423583,1.343333333
4/1/1955,109533.6667,1.5,3069.91,13.731,4.999,8.029403524,1.614442446,0.368907356,0.303681107,1.24553509,1.310761339,1.227750151,1.634680813,1.5
7/1/1955,109883.6667,1.94,3111.379,13.827,5.027,8.042821315,1.341779107,0.319027026,0.316111889,1.02275208,1.025667217,0.558549228,2.786860827,1.94
10/1/1955,110186,2.356666667,3130.068,13.964,5.071,8.048810009,0.598869328,0.27476165,0.308099901,0.324107678,0.290769427,0.87146521,3.943754735,2.356666667
1/1/1956,110483.3333,2.483333333,3117.922,14.104,5.202,8.044922033,-0.388797527,0.269483311,0.298451009,-0.658280838,-0.687248536,2.550513021,3.990342341,2.483333333
4/1/1956,110787.6667,2.693333333,3143.694,14.187,5.307,8.053153821,0.82317873,0.275077643,0.298083524,0.548101087,0.525095206,1.998353682,2.347042894,2.693333333
7/1/1956,111113.3333,2.81,3140.874,14.365,5.361,8.052256384,-0.089743645,0.2935245,0.304036729,-0.383268145,-0.393780374,1.0123821,4.987456041,2.81
10/1/1956,111431,2.926666667,3192.57,14.423,5.483,8.068581514,1.632512994,0.285486382,0.300286445,1.347026612,1.332226549,2.250187158,1.611784868,2.926666667
1/1/1957,111720.3333,2.933333333,3213.011,14.621,5.593,8.074963783,0.638226865,0.259315946,0.293197977,0.378910919,0.345028888,1.986341942,5.453878734,2.933333333
4/1/1957,112045.3333,3,3205.97,14.723,5.647,8.072769976,-0.219380703,0.290482658,0.28339489,-0.509863361,-0.502775593,0.960861485,2.780818179,3
7/1/1957,112430.6667,3.233333333,3237.386,14.811,5.699,8.082521493,0.975151736,0.343318405,0.286431312,0.631833331,0.688720424,0.916629016,2.383700425,3.233333333
10/1/1957,112865.6667,3.253333333,3203.894,14.821,5.799,8.072122224,-1.039926904,0.386158562,0.300355926,-1.426085466,-1.34028283,1.739476804,0.269978412,3.253333333
1/1/1958,113236.3333,1.863333333,3120.724,14.982,5.835,8.045820305,-2.630191883,0.327875913,0.307655001,-2.958067796,-2.937846884,0.618877684,4.32175462,1.863333333
4/1/1958,113532,0.94,3141.224,15.025,5.855,8.052367812,0.65475067,0.26076554,0.305865988,0.39398513,0.348884681,0.342173131,1.146399958,0.94
7/1/1958,113846.3333,1.323333333,3213.884,15.117,6.013,8.075235454,2.286764169,0.276485036,0.303736055,2.010279132,1.983028113,2.662779501,2.441783178,1.323333333
10/1/1958,114283.3333,2.163333333,3289.032,15.189,6.03,8.098348576,2.311312199,0.383115919,0.315939747,1.92819628,1.995372452,0.282321868,1.900617316,2.163333333
1/1/1959,114714.3333,2.57,3352.129,15.224,6.118,8.117350945,1.900236981,0.376423494,0.330578191,1.523813487,1.56965879,1.448823499,0.920659335,2.57
4/1/1959,115139,3.083333333,3427.667,15.248,6.115,8.139635134,2.228418846,0.369511413,0.340456785,1.858907433,1.887962061,-0.049047659,0.630086767,3.083333333
7/1/1959,115550.6667,3.576666667,3430.057,15.307,6.193,8.140332158,0.069702429,0.356901208,0.342154636,-0.287198779,-0.272452207,1.267485282,1.544757279,3.576666667
10/1/1959,115918,3.99,3439.832,15.367,6.275,8.143177912,0.284575387,0.317393837,0.333559045,-0.032818451,-0.048983658,1.315386306,1.564845185,3.99
1/1/1960,116707.6667,3.933333333,3517.181,15.428,6.44,8.165415095,2.22371835,0.678918806,0.377439407,1.544799544,1.846278943,2.59550551,1.584674909,3.933333333
4/1/1960,117036.6667,3.696666667,3498.246,15.467,6.414,8.160016979,-0.539811646,0.281504336,0.380031756,-0.821315982,-0.919843402,-0.404543885,1.009872684,3.696666667
7/1/1960,117411,2.936666667,3515.385,15.52,6.408,8.164904329,0.488734982,0.319332375,0.385387674,0.169402607,0.103347309,-0.09358915,1.36831708,2.936666667
10/1/1960,117824.3333,2.296666667,3470.278,15.566,6.468,8.151989985,-1.291434382,0.351421492,0.38142587,-1.642855874,-1.672860253,0.931973195,1.183813513,2.296666667
1/1/1961,118254.3333,2.003333333,3493.703,15.6,6.529,8.158717484,0.672749921,0.364285754,0.379908653,0.308464167,0.292841269,0.938685049,0.872746287,2.003333333
4/1/1961,118636,1.733333333,3553.021,15.636,6.673,8.175553507,1.683602228,0.322230959,0.373998596,1.361371269,1.309603632,2.181574172,0.92201347,1.733333333
7/1/1961,119000.6667,1.683333333,3621.252,15.676,6.721,8.194575101,1.902159488,0.306911352,0.367749864,1.595248136,1.534409624,0.716741907,1.021972963,1.683333333
10/1/1961,119189.6667,2.4,3692.289,15.725,6.798,8.21400187,1.942676854,0.15869665,0.347912716,1.783980204,1.594764138,1.139149829,1.2483689,2.4
1/1/1962,119378.6667,2.456666667,3758.147,15.806,6.865,8.231681296,1.767942584,0.158445203,0.282853515,1.609497382,1.485089069,0.980758795,2.055124879,2.456666667
4/1/1962,119819.3333,2.606666667,3792.149,15.832,6.947,8.240688156,0.900686009,0.368453888,0.293722209,0.532232121,0.6069638,1.187387249,0.657437407,2.606666667
7/1/1962,120368,2.846666667,3838.776,15.865,7.003,8.252908845,1.222068892,0.456866408,0.310913963,0.765202484,0.911154929,0.802871696,0.832886694,2.846666667
10/1/1962,121045.6667,2.923333333,3851.421,15.898,7.087,8.25619745,0.328860532,0.561416805,0.337163377,-0.232556272,-0.008302845,1.192349115,0.831156046,2.923333333
1/1/1963,121640,2.966666667,3893.482,15.967,7.127,8.267059152,1.086170182,0.489797795,0.352852382,0.596372388,0.7333178,0.562826869,1.732310883,2.966666667
4/1/1963,122166.6667,2.963333333,3937.183,15.995,7.161,8.278220772,1.116162004,0.432036985,0.366578135,0.684125019,0.749583868,0.475924751,0.700832418,2.963333333
7/1/1963,122669.6667,3.33,4023.755,16.016,7.266,8.299970825,2.175005328,0.410887306,0.37957513,1.764118021,1.795430198,1.455629777,0.524819669,3.33
10/1/1963,123188.6667,3.453333333,4050.147,16.146,7.337,8.306508456,0.65376305,0.42219498,0.412512421,0.23156807,0.241250629,0.972410593,3.23364736,3.453333333
1/1/1964,123708,3.463333333,4135.553,16.197,7.369,8.327376335,2.086787917,0.420689438,0.445292951,1.66609848,1.641494967,0.435197205,1.261479573,3.463333333
4/1/1964,124203,3.49,4180.592,16.234,7.428,8.338208142,1.083180737,0.399337389,0.449153388,0.683843348,0.634027349,0.797463171,0.912707374,3.49
7/1/1964,124739.3333,3.456666667,4245.918,16.299,7.521,8.35371333,1.55051875,0.430890284,0.445906373,1.119628466,1.104612377,1.244246435,1.598379159,3.456666667
10/1/1964,125289,3.576666667,4259.046,16.373,7.588,8.356800471,0.308714074,0.439684211,0.430689798,-0.130970137,-0.121975725,0.886894423,1.811952168,3.576666667
1/1/1965,125814,3.976666667,4362.111,16.455,7.655,8.380711393,2.391092296,0.418155709,0.421734538,1.972936587,1.969357758,0.879097704,1.998298295,3.976666667
4/1/1965,126324.6667,4.08,4417.225,16.531,7.694,8.39326695,1.255555637,0.405068665,0.418363498,0.850486973,0.837192139,0.508177522,1.84320947,4.08
7/1/1965,126745,4.076666667,4515.427,16.595,7.791,8.415255035,2.198808517,0.332188148,0.408526103,1.866620369,1.790282414,1.252841702,1.54561564,4.076666667
10/1/1965,127169.3333,4.166666667,4619.458,16.709,7.885,8.438032661,2.277762615,0.334233773,0.397530952,1.943528842,1.880231663,1.199299907,2.738420496,4.166666667
1/1/1966,127511.3333,4.56,4731.888,16.816,8.071,8.462079556,2.4046895,0.268571784,0.378516245,2.136117716,2.026173255,2.331516993,2.553327089,4.56
4/1/1966,127868.6667,4.913333333,4748.046,16.954,8.214,8.465488444,0.340888779,0.279844597,0.363579646,0.061044182,-0.022690867,1.756262519,3.269192021,4.913333333
7/1/1966,128233.6667,5.41,4788.254,17.118,8.347,8.473921115,0.843267059,0.2850425,0.345348674,0.558224559,0.497918385,1.606217733,3.850698909,5.41
10/1/1966,128617,5.563333333,4827.537,17.261,8.483,8.482091679,0.817056414,0.29848754,0.32769909,0.518568874,0.489357324,1.616196796,3.327631978,5.563333333
1/1/1967,129043.6667,4.823333333,4870.299,17.333,8.556,8.49091061,0.88189318,0.331185246,0.316827782,0.550707934,0.565065398,0.856863039,1.665031022,4.823333333
4/1/1967,129527,3.99,4873.287,17.421,8.711,8.491523937,0.061332657,0.373850524,0.312925514,-0.312517867,-0.251592857,1.795380362,2.02567044,3.99
7/1/1967,130165.6667,3.893333333,4919.392,17.588,8.807,8.500940225,0.941628755,0.491864451,0.332885052,0.449764304,0.608743703,1.096026499,3.816190504,3.893333333
10/1/1967,130757.3333,4.173333333,4956.477,17.784,8.911,8.508450485,0.751026048,0.453518993,0.347795704,0.297507055,0.403230343,1.173960881,4.432930137,4.173333333
1/1/1968,131267,4.79,5057.553,17.981,9.174,8.528638048,2.018756338,0.389022884,0.362852092,1.629733454,1.655904246,2.908692754,4.406587275,4.79
4/1/1968,131712.3333,5.983333333,5142.033,18.171,9.334,8.545203806,1.656575707,0.338683465,0.37020695,1.317892242,1.286368756,1.729025135,4.204508727,5.983333333
7/1/1968,132250,5.946666667,5181.859,18.349,9.506,8.552919151,0.771534564,0.40738192,0.385499378,0.364152644,0.386035186,1.825953066,3.899264174,5.946666667
10/1/1968,132880,5.916666667,5202.212,18.608,9.694,8.556839199,0.392004755,0.475239457,0.407593367,-0.083234701,-0.015588612,1.958395923,5.606607469,5.916666667
1/1/1969,133476,6.566666667,5283.597,18.8,9.743,8.572362395,1.552319602,0.447522109,0.422135475,1.104797493,1.130184127,0.504194102,4.106109624,6.566666667
4/1/1969,134020.3333,8.326666667,5299.625,19.039,9.991,8.575391342,0.302894757,0.406984334,0.426277201,-0.104089577,-0.123382445,2.513560931,5.053054856,8.326666667
7/1/1969,134595,8.983333333,5334.6,19.307,10.204,8.581969184,0.657784204,0.427873969,0.418278391,0.229910235,0.239505812,2.109511253,5.591286991,8.983333333
10/1/1969,135246.6667,8.94,5308.556,19.556,10.416,8.577075138,-0.489404684,0.483000229,0.421963546,-0.972404912,-0.911368229,2.056328519,5.125768105,8.94
1/1/1970,135949.6667,8.573333333,5300.652,19.832,10.613,8.575585111,-0.149002668,0.518444749,0.438141279,-0.667447416,-0.587143946,1.873657931,5.605860007,8.573333333
4/1/1970,136676.6667,7.886666667,5308.164,20.108,10.744,8.577001292,0.141618089,0.533331989,0.462472344,-0.3917139,-0.320854255,1.226779444,5.528380439,7.886666667
7/1/1970,137456,6.706666667,5357.077,20.273,10.931,8.586173769,0.917247776,0.568582681,0.482622439,0.348665095,0.434625337,1.725533009,3.268882262,6.706666667
10/1/1970,138260.3333,5.566666667,5299.672,20.541,11.062,8.575400211,-1.077355866,0.583451554,0.496148952,-1.66080742,-1.573504818,1.191302226,5.253174928,5.566666667
1/1/1971,139033.6667,3.856666667,5443.619,20.853,11.273,8.602199376,2.679916518,0.557772861,0.509930296,2.122143658,2.169986223,1.889467449,6.029973592,3.856666667
4/1/1971,139827.3333,4.566666667,5473.059,21.127,11.398,8.607592971,0.539359526,0.569221806,0.53020998,-0.029862279,0.009149547,1.102741535,5.221608213,4.566666667
7/1/1971,140602.6667,5.476666667,5518.072,21.342,11.594,8.615783803,0.819083162,0.552961744,0.545845951,0.266121418,0.27323721,1.70498215,4.050047551,5.476666667
10/1/1971,141401.6667,4.75,5531.032,21.52,11.679,8.618129696,0.234589265,0.566659475,0.556303357,-0.33207021,-0.321714092,0.730463438,3.32230924,4.75
1/1/1972,143005.3333,3.546666667,5632.649,21.848,11.987,8.636335126,1.820543002,1.127738532,0.63246508,0.692804471,1.188077922,2.603037193,6.050659551,3.546666667
4/1/1972,143758.6667,4.3,5760.47,21.984,12.121,8.658774348,2.243922201,0.525404211,0.631474108,1.71851799,1.612448093,1.111675626,2.482212747,4.3
7/1/1972,144522.6667,4.743333333,5814.854,22.194,12.249,8.668170957,0.939660957,0.530039028,0.626656151,0.409621929,0.313004806,1.050481552,3.802826415,4.743333333
10/1/1972,145215,5.146666667,5912.22,22.477,12.499,8.684776674,1.660571723,0.477904484,0.613462768,1.182667238,1.047108955,2.02043401,5.068232834,5.146666667
1/1/1973,145964.3333,6.536666667,6058.544,22.736,12.865,8.709224786,2.444811178,0.514689679,0.60807737,1.9301215,1.836733809,2.886180463,4.582802877,6.536666667
4/1/1973,146719.6667,7.816666667,6124.506,23.086,13.042,8.720053379,1.082859293,0.516143698,0.601442606,0.566715595,0.481416687,1.366447324,6.110720735,7.816666667
7/1/1973,147478.3333,10.56,6092.301,23.535,13.284,8.714781122,-0.527225724,0.515753573,0.596791585,-1.042979297,-1.124017309,1.838538454,7.704920664,10.56
10/1/1973,148226,9.996666667,6150.131,24.004,13.532,8.724228661,0.944753953,0.505686374,0.589169947,0.439067579,0.355584006,1.84969474,7.89272331,9.996666667
1/1/1974,148986.6667,9.323333333,6097.258,24.457,13.775,8.715594441,-0.863422048,0.511868041,0.512186136,-1.375290089,-1.375608184,1.779810412,7.478396155,9.323333333
4/1/1974,149746.6667,11.25,6111.751,25.035,14.2,8.71796859,0.237414958,0.508816094,0.510112621,-0.271401136,-0.272697663,3.038660957,9.343348907,11.25
7/1/1974,150498,12.09,6053.978,25.769,14.657,8.708470856,-0.949773487,0.500481764,0.506417963,-1.450255251,-1.456191451,3.167607244,11.55894933,12.09
10/1/1974,151253,9.346666667,6030.464,26.527,15.02,8.704579235,-0.389162026,0.500413636,0.509231607,-0.889575662,-0.898393634,2.446460929,11.59634525,9.346666667
1/1/1975,151987.3333,6.303333333,5957.035,27.13,15.505,8.692328153,-1.22510823,0.484325262,0.505436055,-1.709433491,-1.730544285,3.177990622,8.990817779,6.303333333
4/1/1975,152707.6667,5.42,5999.61,27.533,15.827,8.699449746,0.712159305,0.47282343,0.500021022,0.239335874,0.212138283,2.05547898,5.898063431,5.42
7/1/1975,153579,6.16,6102.326,28.019,16.048,8.716425289,1.697554286,0.568967427,0.506672754,1.128586858,1.190881532,1.386688887,6.999026492,6.16
10/1/1975,154336.3333,5.413333333,6184.53,28.488,16.365,8.729806292,1.338100268,0.491911106,0.504950845,0.846189163,0.833149423,1.956067673,6.640037799,5.413333333
1/1/1976,155075,4.826666667,6323.649,28.789,16.719,8.752051694,2.22454023,0.477466719,0.50065068,1.747073512,1.723889551,2.14008893,4.204169505,4.826666667
4/1/1976,155773.6667,5.196666667,6370.025,29.079,17.021,8.759358673,0.730697926,0.449522818,0.49323902,0.281175108,0.237458906,1.790207857,4.009157776,5.196666667
7/1/1976,156526.6667,5.283333333,6404.895,29.455,17.338,8.764817821,0.545914755,0.482229046,0.49095743,0.063685709,0.054957324,1.845274862,5.138964318,5.283333333
10/1/1976,157222,4.873333333,6451.177,29.983,17.755,8.772017874,0.720005301,0.443242981,0.483811099,0.27676232,0.236194202,2.376654195,7.106751762,4.873333333
1/1/1977,157910.6667,4.66,6527.703,30.465,18.089,8.783810399,1.179252552,0.437065297,0.477903603,0.742187255,0.701348949,1.863685232,6.379171728,4.66
4/1/1977,158652.3333,5.156666667,6654.466,30.895,18.39,8.803043487,1.92330879,0.468575306,0.477372588,1.454733484,1.445936203,1.65030199,5.606349925,5.156666667
7/1/1977,159429.6667,5.82,6774.457,31.271,18.771,8.820914495,1.787100775,0.488763829,0.467347138,1.298336946,1.319753637,2.050608707,4.838716791,5.82
10/1/1977,160140.3333,6.513333333,6774.592,31.947,19.079,8.820934423,0.00199276,0.444765052,0.461453881,-0.442772292,-0.459461121,1.627512806,8.554851684,6.513333333
1/1/1978,160828.6667,6.756666667,6796.26,32.411,19.575,8.82412774,0.319331733,0.428910199,0.455384316,-0.109578467,-0.136052583,2.566498813,5.76783666,6.756666667
4/1/1978,161525.3333,7.283333333,7058.92,33.031,19.9,8.862047344,3.791960442,0.432237696,0.453223676,3.359722746,3.338736766,1.646648985,7.57945724,7.283333333
7/1/1978,162265,8.1,7129.915,33.592,20.289,8.872054592,1.00072476,0.456880813,0.450055147,0.543843947,0.550669613,1.935913553,6.736571572,8.1
10/1/1978,163024,9.583333333,7225.75,34.279,20.804,8.885406314,1.335172194,0.4666628,0.452982624,0.868509394,0.88218957,2.506640865,8.097991357,9.583333333
1/1/1979,163756.3333,10.07333333,7238.727,34.904,21.355,8.887200641,0.179432737,0.448212138,0.454375979,-0.268779401,-0.274943242,2.614062838,7.227405618,10.07333333
4/1/1979,164447.3333,10.18,7246.454,35.759,21.861,8.888267525,0.106688356,0.421080622,0.448439144,-0.314392266,-0.341750788,2.341832306,9.680219955,10.18
7/1/1979,165199.6667,10.94666667,7300.281,36.541,22.343,8.89566812,0.74005948,0.456448649,0.444399746,0.28361083,0.295659733,2.180884554,8.653172854,10.94666667
10/1/1979,166054.6667,13.57666667,7318.535,37.219,22.87,8.89816545,0.249733077,0.516220808,0.453331716,-0.266487732,-0.203598639,2.331293514,7.353786293,13.57666667
1/1/1980,166762.3333,15.04666667,7341.557,38.001,23.558,8.901306224,0.314077414,0.425259367,0.452875362,-0.111181953,-0.138797948,2.96394575,8.317236637,15.04666667
4/1/1980,167415.6667,12.68666667,7190.289,38.905,24.182,8.880486645,-2.081957983,0.391009681,0.44772186,-2.472967664,-2.529679843,2.614308922,9.40412076,12.68666667
7/1/1980,168110.6667,9.836666667,7181.743,39.774,24.77,8.87929739,-0.118925438,0.414275081,0.442396143,-0.533200519,-0.561321581,2.402468875,8.836262167,9.836666667
10/1/1980,168693.6667,15.85333333,7315.677,40.81,25.392,8.897774859,1.847746849,0.346195416,0.42733772,1.501551432,1.420409128,2.480092028,10.28548677,15.85333333
1/1/1981,169279,16.57,7459.022,41.885,26.014,8.917179585,1.940472668,0.346379442,0.414608633,1.594093226,1.525864035,2.420069086,10.40024728,16.57
4/1/1981,169837.3333,17.78,7403.745,42.715,26.491,8.909741232,-0.743835315,0.329287494,0.403134492,-1.073122809,-1.146969807,1.817019802,7.848951599,17.78
7/1/1981,170412.6667,17.57666667,7492.405,43.519,27.066,8.92164512,1.190388751,0.338183031,0.38835129,0.85220572,0.802037461,2.147327499,7.458991096,17.57666667
10/1/1981,170990.3333,13.58666667,7410.768,44.271,27.513,8.910689357,-1.095576312,0.338407816,0.366124666,-1.433984128,-1.461700978,1.638029259,6.852884323,13.58666667
1/1/1982,171497,14.22666667,7295.631,44.88,28.248,8.895030955,-1.565840183,0.295874905,0.349951608,-1.861715088,-1.915791791,2.636403838,5.464970426,14.22666667
4/1/1982,172020,14.51333333,7328.912,45.463,28.513,8.899582353,0.455139794,0.304497538,0.33913759,0.150642256,0.116002204,0.9337465,5.162618845,14.51333333
7/1/1982,172521.6667,11.00666667,7300.896,46.108,28.92,8.895752359,-0.382999343,0.291208333,0.323754247,-0.674207675,-0.70675359,1.417327367,5.635064964,11.00666667
10/1/1982,173046,9.286666667,7303.817,46.586,29.337,8.896152367,0.040000787,0.303462266,0.318412603,-0.263461479,-0.278411817,1.431612071,4.125438428,9.286666667
1/1/1983,173505,8.653333333,7400.066,46.938,29.608,8.909244198,1.309183087,0.264896231,0.308227202,1.044286857,1.000955886,0.919507709,3.011006049,8.653333333
4/1/1983,173957.3333,8.803333333,7568.456,47.286,29.914,8.931744363,2.250016454,0.2603641,0.299611777,1.989652354,1.950404677,1.028200315,2.954674667,8.803333333
7/1/1983,174449.3333,9.46,7719.746,47.789,30.045,8.951536741,1.979237831,0.282428767,0.292642495,1.696809063,1.686595336,0.436965955,4.232487557,9.46
10/1/1983,174950.3333,9.43,7880.794,48.151,30.478,8.972183939,2.064719827,0.286777803,0.286188743,1.777942025,1.778531085,1.430885408,3.018567588,9.43
1/1/1984,175678.6667,9.686666667,8034.847,48.639,30.812,8.991543236,1.93592971,0.415444462,0.301134937,1.520485248,1.634794773,1.089911262,4.03350871,9.686666667
4/1/1984,176125.3333,10.55666667,8173.67,49.055,31.124,9.008673291,1.71300551,0.253929408,0.294813921,1.459076102,1.418191589,1.007500126,3.406575752,10.55666667
7/1/1984,176595.3333,11.39,8252.465,49.491,31.576,9.018267223,0.959393118,0.266499994,0.291725379,0.692893124,0.667667739,1.441811261,3.539486899,11.39
10/1/1984,177132.3333,9.266666667,8320.199,49.861,31.85,9.026441452,0.817422922,0.303623642,0.291745551,0.51379928,0.525677371,0.864004366,2.979319676,9.266666667
1/1/1985,177522.3333,8.476666667,8400.82,50.354,32.267,9.036084599,0.964314732,0.219932342,0.286125065,0.74438239,0.678189667,1.300765412,3.93557034,8.476666667
4/1/1985,177946.3333,7.923333333,8474.787,50.678,32.601,9.044850799,0.876620007,0.238558411,0.283399354,0.638061597,0.593220654,1.029792661,2.565532589,7.923333333
7/1/1985,178413.3333,7.9,8604.22,50.984,33.123,9.06000806,1.515726037,0.262094906,0.280857621,1.253631131,1.234868416,1.588494238,2.407986655,7.9
10/1/1985,178940.6667,8.103333333,8668.188,51.269,33.766,9.067415051,0.740699183,0.295132399,0.281901945,0.445566784,0.458797237,1.922647393,2.229769204,8.103333333
1/1/1986,179825.3333,7.826666667,8749.127,51.524,34.186,9.076709203,0.929415155,0.493172965,0.291618008,0.43624219,0.637797147,1.236182448,1.984575005,7.826666667
4/1/1986,180320.6667,6.92,8788.524,51.719,34.575,9.081202058,0.449285555,0.275073801,0.294261058,0.174211754,0.155024497,1.131467402,1.511000121,6.92
7/1/1986,180835.6667,6.206666667,8872.601,51.931,34.988,9.090723268,0.952120945,0.285195247,0.296597964,0.666925698,0.655522981,1.187426801,1.63627821,6.206666667
10/1/1986,181365.3333,6.266666667,8920.193,52.214,35.448,9.096072862,0.534959417,0.292471332,0.295203925,0.242488085,0.239755491,1.306168834,2.17389752,6.266666667
1/1/1987,182001.3333,6.22,8986.367,52.548,35.608,9.10346393,0.739106799,0.350059985,0.311469881,0.389046814,0.427636919,0.450349782,2.550551778,6.22
4/1/1987,182526.6667,6.65,9083.256,52.912,35.863,9.114187998,1.072406752,0.288226801,0.31767843,0.784179951,0.754728323,0.713579164,2.761247453,6.65
7/1/1987,183016,6.843333333,9162.024,53.313,36.241,9.122822394,0.863439633,0.267729964,0.318382812,0.595709669,0.545056821,1.048495126,3.020019053,6.843333333
10/1/1987,183467,6.916666667,9319.332,53.738,36.69,9.139846231,1.702383733,0.24612341,0.312256688,1.456260324,1.390127045,1.231316375,3.176072959,6.916666667
1/1/1988,183967.3333,6.663333333,9367.502,54.159,37.347,9.145001744,0.515551288,0.272339081,0.284652453,0.243212207,0.230898835,1.77483487,3.121511342,6.663333333
4/1/1988,184389.3333,7.156666667,9490.594,54.686,37.821,9.158056482,1.305473768,0.229125857,0.27890896,1.076347911,1.026564808,1.261191685,3.873428219,7.156666667
7/1/1988,184840.3333,7.983333333,9546.206,55.34,38.323,9.163899077,0.58425952,0.244292518,0.273796118,0.339967003,0.310463402,1.318573422,4.755295675,7.983333333
10/1/1988,185253.3333,8.47,9673.405,55.818,38.574,9.177135646,1.323656937,0.223186835,0.265135556,1.100470102,1.058521381,0.652823625,3.440169462,8.47
1/1/1989,185772.6667,9.443333333,9771.725,56.4,38.693,9.18724829,1.011264393,0.279944625,0.256371136,0.731319767,0.754893256,0.308023073,4.149104196,9.443333333
4/1/1989,186178,9.726666667,9846.293,57.001,38.917,9.194850318,0.76020278,0.217950137,0.247586553,0.542252643,0.512616227,0.577246803,4.239861215,9.726666667
7/1/1989,186602.3333,9.083333333,9919.228,57.417,39.238,9.202230375,0.738005652,0.227658746,0.242577651,0.510346905,0.495428001,0.821449184,2.908646073,9.083333333
10/1/1989,187017.6667,8.613333333,9938.767,57.826,39.798,9.204198248,0.196787302,0.222329374,0.239603397,-0.025542072,-0.042816095,1.417099477,2.839229921,8.613333333
1/1/1990,188519.6667,8.25,10047.386,58.45,40.635,9.21506778,1.086953246,0.799924735,0.305551603,0.287028511,0.781401643,2.081310443,4.293274557,8.25
4/1/1990,188916.3333,8.243333333,10083.855,59.105,41.472,9.218690909,0.362312884,0.210190238,0.303184651,0.152122646,0.059128233,2.038873652,4.457534114,8.243333333
7/1/1990,189352.6667,8.16,10090.569,59.611,42.023,9.219356504,0.066559524,0.230700124,0.301485602,-0.164140601,-0.234926078,1.319858671,3.409839039,8.16
10/1/1990,189866.3333,7.743333333,9998.704,60.055,42.298,9.210210764,-0.914574065,0.270907829,0.307450726,-1.185481894,-1.222024791,0.652271617,2.968275283,7.743333333
1/1/1991,190271.6667,6.426666667,9951.916,60.643,42.532,9.205520374,-0.469038915,0.213255969,0.299114644,-0.682294883,-0.768153559,0.551693018,3.89736136,6.426666667
4/1/1991,190655.6667,5.863333333,10029.51,61.088,43.328,9.213287026,0.776665189,0.201613324,0.297072543,0.575051865,0.479592647,1.85423435,2.924494055,5.863333333
7/1/1991,191121.3333,5.643333333,10080.195,61.566,43.829,9.218327887,0.504086035,0.243947067,0.299108583,0.260138968,0.204977453,1.149662146,3.117729026,5.643333333
10/1/1991,191650.6667,4.816666667,10115.329,61.931,44.431,9.221807275,0.347938835,0.276579097,0.305889798,0.071359738,0.042049037,1.364172526,2.36443679,4.816666667
1/1/1992,192074.6667,4.023333333,10236.435,62.161,45.603,9.233708693,1.190141842,0.220991494,0.233523143,0.969150349,0.956618699,2.603607982,1.482772545,4.023333333
4/1/1992,192506.6667,3.77,10347.429,62.535,45.955,9.244493362,1.078466859,0.224659984,0.235331861,0.853806875,0.843134998,0.768915298,2.399442622,3.77
7/1/1992,193024.3333,3.256666667,10449.673,62.841,46.495,9.254325965,0.9832603,0.268547524,0.240062786,0.714712776,0.743197514,1.168212312,1.952530676,3.256666667
10/1/1992,193615.6667,3.036666667,10558.648,63.273,46.758,9.264700519,1.037455372,0.305883403,0.244434733,0.731571969,0.79302064,0.564058416,2.740388472,3.036666667
1/1/1993,194106,3.04,10576.275,63.628,46.494,9.266368564,0.166804526,0.252930716,0.249394076,-0.08612619,-0.08258955,-0.566209208,2.237970866,3.04
4/1/1993,194555.3333,3,10637.847,64.007,46.881,9.272173393,0.580482877,0.231221115,0.25309505,0.349261763,0.327387827,0.828920409,2.375530937,3
7/1/1993,195068,3.06,10688.606,64.387,46.898,9.276933593,0.476020047,0.263160298,0.255496704,0.212859749,0.220523344,0.036255452,2.3677188,3.06
10/1/1993,195621,2.99,10833.987,64.738,47.234,9.290443416,1.350982302,0.283089808,0.256310543,1.067892494,1.094671759,0.713894164,2.174642336,2.99
1/1/1994,196085.3333,3.213333333,10939.116,65.048,46.902,9.300100268,0.965685203,0.237082483,0.258321916,0.72860272,0.707363287,-0.705365379,1.910841475,3.213333333
4/1/1994,196522,3.94,11087.361,65.362,47.211,9.31356109,1.346082158,0.22244457,0.25804499,1.123637588,1.088037168,0.656659782,1.926236373,3.94
7/1/1994,197050,4.486666667,11152.176,65.737,47.22,9.319389915,0.58288249,0.268311931,0.25801554,0.314570559,0.324866949,0.019061537,2.288353216,4.486666667
10/1/1994,197600.6667,5.166666667,11279.932,66.093,47.542,9.330780497,1.139058187,0.279065549,0.254663309,0.859992638,0.884394878,0.679599923,2.160363288,5.166666667
1/1/1995,197882,5.81,11319.951,66.452,47.854,9.334322023,0.354152646,0.142273432,0.240831148,0.211879214,0.113321498,0.654117809,2.16681657,5.81
4/1/1995,198295.6667,6.02,11353.721,66.771,48.199,9.337300811,0.297878747,0.208828943,0.238032127,0.089049803,0.05984662,0.718356498,1.915588808,6.02
7/1/1995,198807,5.796666667,11450.31,67.1,48.491,9.345772083,0.847127226,0.2575322,0.237328614,0.589595027,0.609798612,0.603993976,1.966075774,5.796666667
10/1/1995,199351.6667,5.72,11528.067,67.423,48.912,9.35253995,0.676786675,0.273592943,0.236141506,0.403193732,0.440645168,0.864455144,1.920864808,5.72
1/1/1996,199776,5.363333333,11614.418,67.747,49.418,9.360002536,0.746258673,0.212630458,0.233085003,0.533628215,0.51317367,1.029196515,1.917588936,5.363333333
4/1/1996,200279.3333,5.243333333,11808.14,68.028,49.907,9.376544403,1.654186681,0.25163199,0.236733431,1.402554691,1.41745325,0.984654318,1.655682717,5.243333333
7/1/1996,200849.6667,5.306666667,11914.063,68.251,50.361,9.385474746,0.893034293,0.284364241,0.238739969,0.608670053,0.654294324,0.905579253,1.309080337,5.306666667
10/1/1996,201457.3333,5.28,12037.775,68.615,50.647,9.395804901,1.033015505,0.302091253,0.241618182,0.730924252,0.791397323,0.566293292,2.1276335,5.28
1/1/1997,202395.6667,5.276666667,12115.472,69.025,51.186,9.402238592,0.643369134,0.464691371,0.281920425,0.178677763,0.361448709,1.058605822,2.383035238,5.276666667
4/1/1997,202835.3333,5.523333333,12317.221,69.162,51.66,9.418753643,1.6515051,0.216995659,0.282941264,1.434509441,1.368563836,0.921773051,0.793128412,5.523333333
7/1/1997,203366.6667,5.533333333,12471.01,69.464,52.254,9.43116203,1.240838632,0.261610547,0.283451058,0.979228085,0.957387574,1.143265527,1.742821565,5.533333333
10/1/1997,203935.3333,5.506666667,12577.495,69.695,53.266,9.439664385,0.850235505,0.279236064,0.284156448,0.570999441,0.566079057,1.9181786,1.327978569,5.506666667
1/1/1998,204395,5.52,12703.742,69.794,54.145,9.449651875,0.998748989,0.225144606,0.285720716,0.773604382,0.713028272,1.636740414,0.567786803,5.52
4/1/1998,204905,5.5,12821.339,69.959,54.803,9.458866171,0.921429648,0.24920609,0.285417479,0.672223558,0.636012169,1.20793039,0.944523991,5.5
7/1/1998,205482.6667,5.533333333,12982.752,70.255,55.667,9.471376986,1.251081508,0.281522616,0.285062276,0.969558891,0.966019232,1.564257477,1.688849557,5.533333333
10/1/1998,206097.6667,4.86,13191.67,70.453,56.03,9.487340849,1.596386249,0.298848321,0.284656909,1.297537928,1.31172934,0.649974982,1.125736309,4.86
1/1/1999,206876,4.733333333,13315.597,70.682,57.142,9.496691334,0.935048513,0.376941349,0.273688157,0.558107164,0.661360356,1.965213636,1.298049107,4.733333333
4/1/1999,207431.6667,4.746666667,13426.748,70.949,57.363,9.505004116,0.831278185,0.268238821,0.280093552,0.563039364,0.551184633,0.386009824,1.50814619,4.746666667
7/1/1999,208043.6667,5.093333333,13604.771,71.2,57.863,9.518175819,1.317170329,0.29460254,0.284217551,1.022567789,1.032952778,0.867865132,1.412603738,5.093333333
10/1/1999,208660.3333,5.306666667,13827.98,71.595,58.928,9.534449355,1.627353567,0.295973697,0.286309755,1.33137987,1.341043812,1.823821221,2.212968283,5.306666667
1/1/2000,211586,5.676666667,13878.147,72.071,60.983,9.538070724,0.362136901,1.392380469,0.432214238,-1.030243568,-0.070077337,3.427877711,2.650602045,5.676666667
4/1/2000,212242,6.273333333,14130.908,72.52,61.185,9.556119734,1.804901034,0.309559786,0.43975845,1.495341249,1.365142585,0.330692463,2.484256659,6.273333333
7/1/2000,212918.6667,6.52,14145.312,72.944,62.435,9.557138541,0.10188067,0.318311307,0.444357036,-0.216430637,-0.342476366,2.022395413,2.331855034,6.52
10/1/2000,213560.3333,6.473333333,14229.765,73.337,62.815,9.563091177,0.595263578,0.300913832,0.444615225,0.294349746,0.150648353,0.606788289,2.149293185,6.473333333
1/1/2001,214101,5.593333333,14183.12,73.822,64.245,9.559807804,-0.328337245,0.252848183,0.429103579,-0.581185428,-0.757440824,2.251000128,2.636613492,5.593333333
4/1/2001,214735.6667,4.326666667,14271.694,74.266,64.568,9.566033414,0.622560991,0.295994806,0.432573077,0.326566185,0.189987914,0.501503229,2.398581008,4.326666667
7/1/2001,215421.6667,3.496666667,14214.516,74.558,64.664,9.562018975,-0.401443904,0.318953336,0.435616927,-0.72039724,-0.837060831,0.148570041,1.56964132,3.496666667
10/1/2001,216111.6667,2.133333333,14253.574,74.792,65.221,9.564762961,0.27439863,0.319790169,0.438593986,-0.045391539,-0.164195356,0.857687053,1.253432562,2.133333333
1/1/2002,216664,1.733333333,14372.785,75.027,65.433,9.573091767,0.832880557,0.255251705,0.29645289,0.577628852,0.536427667,0.324521539,1.254848545,1.733333333
4/1/2002,217203.6667,1.75,14460.848,75.289,66.039,9.579200139,0.610837169,0.248770299,0.288854205,0.362066871,0.321982965,0.921875824,1.394397218,1.75
7/1/2002,217867.6667,1.74,14519.633,75.65,66.412,9.583257013,0.405687405,0.305237539,0.287219983,0.100449866,0.118467421,0.563228645,1.913359375,1.74
10/1/2002,218543,1.443333333,14537.58,76.089,66.556,9.5844923,0.123528724,0.309494668,0.288292588,-0.185965944,-0.164763864,0.216593551,2.314507015,1.443333333
1/1/2003,220109.3333,1.25,14614.141,76.461,66.945,9.589744901,0.525260077,0.714160109,0.345956579,-0.188900032,0.179303498,0.58276882,1.950839658,1.25
4/1/2003,220774,1.246666667,14743.567,76.73,68.219,9.598562131,0.881723045,0.301516125,0.346646744,0.580206921,0.535076302,1.885173168,1.404783709,1.246666667
7/1/2003,221512.6667,1.016666667,14988.782,77.169,69.143,9.615057334,1.649520259,0.334021986,0.348530325,1.315498273,1.300989934,1.345370535,2.282022317,1.016666667
10/1/2003,222275.6667,0.996666667,15162.76,77.639,70.063,9.626597701,1.154036705,0.343857959,0.351538799,0.810178746,0.802497906,1.321801352,2.428822511,0.996666667
1/1/2004,222356,1.003333333,15248.68,78.193,70.047,9.632248221,0.565052024,0.036134779,0.324149183,0.528917245,0.240902841,-0.022839198,2.844100488,1.003333333
4/1/2004,222973.3333,1.01,15366.85,78.824,71.354,9.639967871,0.771964992,0.277248177,0.327708918,0.494716815,0.444256074,1.848695871,3.214955817,1.01
7/1/2004,223680,1.433333333,15512.619,79.324,72.661,9.649409101,0.944122989,0.31642762,0.329107678,0.627695368,0.615015311,1.815138541,2.529284801,1.433333333
10/1/2004,224418,1.95,15670.88,79.939,73.123,9.659559492,1.015039132,0.329392529,0.33159491,0.685646603,0.683444222,0.633816532,3.08924512,1.95
1/1/2005,225038,2.47,15844.727,80.578,73.518,9.670592043,1.103255053,0.27588925,0.276811053,0.827365803,0.826444,0.538731944,3.184726231,2.47
4/1/2005,225674,2.943333333,15922.782,81.158,73.852,9.675506193,0.491415031,0.282220319,0.274399077,0.209194712,0.217015954,0.453281634,2.868885029,2.943333333
7/1/2005,226422.3333,3.46,16047.587,81.898,74.852,9.683313775,0.78075817,0.331050691,0.274027665,0.44970748,0.506730505,1.344974008,3.630679425,3.46
10/1/2005,227196,3.98,16136.734,82.571,75.345,9.688853567,0.553979237,0.341109413,0.273684097,0.212869824,0.28029514,0.656473525,3.273583502,3.98
1/1/2006,227763.6667,4.456666667,16353.835,83.156,76.796,9.702217705,1.336413845,0.24954606,0.300360507,1.086867785,1.036053338,1.907498959,2.823932997,4.456666667
4/1/2006,228432.6667,4.906666667,16396.151,83.882,76.858,9.704801891,0.258418575,0.293294983,0.302366358,-0.034876408,-0.043947783,0.0807008,3.47707502,4.906666667
7/1/2006,229166.3333,5.246666667,16420.738,84.468,77.079,9.706300327,0.149843604,0.320659484,0.302895341,-0.17081588,-0.153051737,0.287130647,2.784686031,5.246666667
10/1/2006,229896,5.246666667,16561.866,84.77,78.238,9.714858103,0.855777557,0.317894642,0.301458105,0.537882914,0.554319451,1.49245931,1.427576883,5.246666667
1/1/2007,230839.3333,5.256666667,16611.69,85.576,80.039,9.717861943,0.300384062,0.409490909,0.318158313,-0.109106847,-0.017774251,2.275855286,3.785265353,5.256666667
4/1/2007,231482,5.25,16713.314,86.171,80.193,9.723960926,0.609898291,0.278017489,0.317632959,0.331880803,0.292265333,0.192221338,2.771529659,5.25
7/1/2007,232210,5.073333333,16809.587,86.642,80.597,9.729704657,0.574373111,0.314001793,0.315501847,0.260371317,0.258871264,0.502519871,2.18039692,5.073333333
10/1/2007,232936.6667,4.496666667,16915.191,86.993,81.427,9.735967373,0.626271551,0.312446508,0.311918983,0.313825044,0.314352568,1.024548537,1.617187678,4.496666667
1/1/2008,232806.6667,3.176666667,16843.003,87.315,82.161,9.731690597,-0.427677559,-0.05582474,0.273747633,-0.371852819,-0.701425192,0.897382358,1.477845498,3.176666667
4/1/2008,233410,2.086666667,16943.291,87.738,82.329,9.737627223,0.593662593,0.25882115,0.269438404,0.334841443,0.324224189,0.204267808,1.933132586,2.086666667
7/1/2008,234110.3333,1.94,16854.295,88.399,83.137,9.732360799,-0.52664238,0.299595037,0.266805348,-0.826237417,-0.793447729,0.976643446,3.002222602,1.94
10/1/2008,234825,0.506666667,16485.35,88.613,84.194,9.710227387,-2.213341274,0.304804168,0.265169039,-2.518145442,-2.478510313,1.263381034,0.967166539,0.506666667
1/1/2009,234912.6667,0.183333333,16298.262,88.543,81.959,9.698813755,-1.141363136,0.037325799,0.2186484,-1.178688935,-1.360011536,-2.690453758,-0.316105596,0.183333333
4/1/2009,235459.3333,0.18,16269.145,88.396,84.049,9.697025648,-0.178810722,0.232440244,0.212951245,-0.411250966,-0.391761967,2.518083988,-0.664635988,0.18
7/1/2009,236093,0.156666667,16326.281,88.501,84.781,9.70053142,0.350577155,0.268757889,0.207295757,0.081819266,0.143281398,0.867149899,0.474852654,0.156666667
10/1/2009,236739,0.12,16502.754,88.781,85.123,9.711282555,1.075113538,0.273247328,0.202395859,0.80186621,0.872717679,0.402580824,1.263524702,0.12
1/1/2010,236996.3333,0.133333333,16582.71,89.036,84.282,9.716115865,0.483331022,0.108640137,0.222953969,0.374690885,0.260377053,-0.992895026,1.147247675,0.133333333
4/1/2010,237506,0.193333333,16743.162,89.471,85.217,9.725745215,0.962934982,0.214821647,0.217454031,0.748113336,0.745480951,1.103262537,1.94950724,0.193333333
7/1/2010,238103.6667,0.186666667,16872.266,89.743,85.82,9.733426488,0.768127271,0.251326675,0.211420486,0.516800595,0.556706785,0.705113512,1.214191788,0.186666667
10/1/2010,238711.3333,0.186666667,16960.864,90.264,86.03,9.738663851,0.523736364,0.254885855,0.205180697,0.268850509,0.318555668,0.244399307,2.315471975,0.186666667
1/1/2011,238851.6667,0.156666667,16920.632,90.726,87.603,9.736288985,-0.237486674,0.058770607,0.207861298,-0.296257281,-0.445347971,1.81191713,2.042106209,0.156666667
4/1/2011,239316,0.093333333,17035.114,91.326,86.911,9.743032022,0.674303747,0.194213667,0.203082976,0.48009008,0.471220771,-0.793063739,2.636618867,0.093333333
7/1/2011,239871,0.083333333,17031.313,91.876,87.544,9.74280887,-0.022315226,0.231642448,0.198443545,-0.253957673,-0.220758771,0.725691758,2.401727721,0.083333333
10/1/2011,240431.3333,0.073333333,17222.583,91.985,86.317,9.753976767,1.116789681,0.233325366,0.1934533,0.883464316,0.923336381,-1.411495817,0.47427138,0.073333333
1/1/2012,242436,0.103333333,17367.01,92.525,88.346,9.762327709,0.835094182,0.830322553,0.283663602,0.004771629,0.55143058,2.323435732,2.341343198,0.103333333
4/1/2012,242968.3333,0.153333333,17444.525,92.907,88.802,9.766781125,0.445341627,0.219336133,0.284227913,0.226005494,0.161113714,0.5148249,1.648045819,0.153333333
7/1/2012,243564,0.143333333,17469.65,93.417,88.866,9.768220369,0.143924376,0.244862232,0.283419857,-0.100937855,-0.139495481,0.072044491,2.18973948,0.143333333
10/1/2012,244169,0.16,17489.852,93.885,91.244,9.769376106,0.115573742,0.248086683,0.282569961,-0.132512941,-0.166996219,2.64076197,1.99891501,0.16
1/1/2013,244828.6667,0.143333333,17662.4,94.258,89.993,9.779193365,0.981725927,0.269803769,0.308949106,0.711922158,0.67277682,-1.380534735,1.586029727,0.143333333
4/1/2013,245363.3333,0.116666667,17709.671,94.461,90.569,9.781866154,0.267278827,0.218145901,0.311940635,0.049132925,-0.044661809,0.638010161,0.860539016,0.116666667
7/1/2013,245961,0.083333333,17860.45,94.924,90.32,9.79034405,0.847789655,0.243288159,0.313396349,0.604501497,0.534393306,-0.27530713,1.95580821,0.083333333
10/1/2013,246564.3333,0.086666667,18016.147,95.426,90.998,9.79902369,0.867964024,0.244995981,0.314855176,0.622968043,0.553108848,0.747860841,2.109802632,0.086666667
1/1/2014,247086,0.073333333,17953.974,95.788,92.77,9.795566762,-0.345692815,0.211350758,0.237483702,-0.557043573,-0.583176517,1.928578341,1.514535264,0.073333333
4/1/2014,247625,0.093333333,18185.911,96.33,92.238,9.808402452,1.283569023,0.217905085,0.237304821,1.065663938,1.046264202,-0.575111851,2.25695224,0.093333333
7/1/2014,248232.6667,0.09,18406.941,96.726,92.555,9.820483101,1.208064833,0.245097338,0.237334209,0.962967494,0.970730623,0.343086925,1.640976941,0.09
10/1/2014,248842.6667,0.1,18500.031,96.822,93.486,9.825527687,0.504458602,0.245435758,0.237002844,0.259022843,0.267455758,1.000863005,0.396800826,0.1
1/1/2015,249900.6667,0.11,18666.621,96.769,94.526,9.834492235,0.896454788,0.424266959,0.256310742,0.472187829,0.640144045,1.106323647,-0.219018452,0.11
4/1/2015,250461.3333,0.123333333,18782.243,97.325,95.426,9.840667181,0.617494658,0.224104509,0.257055568,0.393390149,0.36043909,0.947614908,2.291679375,0.123333333
7/1/2015,251099,0.136666667,18857.418,97.583,95.971,9.844661643,0.399446212,0.254273302,0.258428711,0.14517291,0.1410175,0.569498449,1.058961769,0.136666667
10/1/2015,251741.3333,0.16,18892.206,97.581,95.758,9.846504735,0.184309173,0.255482164,0.259739484,-0.071172991,-0.075430311,-0.222188701,-0.008198233,0.16
1/1/2016,252580.6667,0.36,19001.69,97.496,95.808,9.852283202,0.577846652,0.332856432,0.274927693,0.24499022,0.302918958,0.052201331,-0.348580326,0.36
4/1/2016,253180,0.373333333,19062.709,98.159,96.048,9.855489297,0.320609566,0.237002857,0.277314915,0.08360671,0.043294651,0.250187771,2.710904552,0.373333333
7/1/2016,253855,0.396666667,19197.938,98.41,96.5,9.862558156,0.706885919,0.266253966,0.279959493,0.440631953,0.426926426,0.469494184,1.021524804,0.396666667
10/1/2016,254534.3333,0.45,19304.352,98.886,97.805,9.868085842,0.552768529,0.267249406,0.282686199,0.285519122,0.270082329,1.343269213,1.930098628,0.45
1/1/2017,254247.3333,0.7,19398.343,99.39,98.661,9.872942929,0.485708733,-0.112818543,0.215550512,0.598527276,0.270158221,0.87140311,2.0335334,0.7
4/1/2017,254770.6667,0.95,19506.949,99.65,99.232,9.87852604,0.558311101,0.205624759,0.213240543,0.352686342,0.345070558,0.577081134,1.045016672,0.95
7/1/2017,255356.6667,1.153333333,19660.766,100.162,100.517,9.886380355,0.785431526,0.229746661,0.210174713,0.555684865,0.575256813,1.28663245,2.049931418,1.153333333
10/1/2017,255941.3333,1.203333333,19882.352,100.778,101.822,9.897587783,1.120742777,0.228699084,0.206826828,0.892043693,0.913915949,1.289932336,2.452481058,1.203333333
1/1/2018,256937,1.446666667,20044.077,101.419,102.579,9.905688978,0.810119455,0.388266711,0.213753113,0.421852744,0.596366342,0.740704264,2.536148993,1.446666667
4/1/2018,257456,1.736666667,20150.476,102.136,103.103,9.91098319,0.52942123,0.201791306,0.209351669,0.327629924,0.320069562,0.509525514,2.817923275,1.736666667
7/1/2018,258066.3333,1.923333333,20276.154,102.577,104.005,9.917200795,0.621760483,0.23678261,0.205667749,0.384977872,0.416092733,0.871048635,1.723391019,1.923333333
10/1/2018,258703.3333,2.22,20304.874,103.019,104.406,9.918616235,0.141543998,0.246531623,0.203078026,-0.104987624,-0.061534028,0.384817015,1.719880468,2.22
1/1/2019,258389.3333,2.403333333,20415.15,103.375,106.908,9.924032551,0.541631653,-0.121448266,0.201999311,0.663079919,0.339632342,2.368150647,1.379886443,2.403333333
4/1/2019,258863.6667,2.396666667,20584.528,103.888,107.009,9.932295005,0.826245336,0.18340482,0.199221819,0.642840516,0.627023517,0.094429155,1.980096969,2.396666667
7/1/2019,259431.6667,2.19,20817.581,104.211,107.03,9.943553149,1.125814444,0.219180143,0.197901004,0.9066343,0.92791344,0.019622592,1.24171768,2.19
10/1/2019,260015.3333,1.643333333,20951.088,104.541,108.842,9.949945857,0.639270812,0.224726262,0.197404401,0.41454455,0.441866411,1.678812035,1.264659596,1.643333333
1/1/2020,259629.3333,1.26,20665.553,105.037,111.567,9.936223487,-1.372237037,-0.148563084,0.130300677,-1.223673953,-1.502537713,2.472801795,1.893332033,1.26
4/1/2020,260049,0.06,19034.83,104.614,117.729,9.854025738,-8.219774895,0.1615102,0.125265539,-8.381285095,-8.345040434,5.376006575,-1.614113261,0.06
7/1/2020,260557.6667,0.093333333,20511.785,105.538,116.071,9.928754878,7.472914014,0.195413106,0.12009435,7.277500908,7.352819663,-1.418330021,3.5174767,0.093333333
10/1/2020,261080,0.09,20724.128,106.275,118.789,9.939053904,1.029902633,0.200266791,0.114311247,0.829635842,0.915591387,2.314673721,2.783598643,0.09
1/1/2021,260924,0.08,20990.541,107.668,118.937,9.951827187,1.277328233,-0.059769659,0.122021072,1.337097892,1.155307161,0.124513111,5.208937654,0.08
4/1/2021,261217,0.07,21309.544,109.305,120.905,9.966910326,1.50831398,0.112230233,0.113124249,1.396083747,1.395189731,1.64111721,6.035888565,0.07
7/1/2021,261615.3333,0.09,21483.083,110.92,122.625,9.975021067,0.811074073,0.152375201,0.104773631,0.658698871,0.706300442,1.412580463,5.866832383,0.09
10/1/2021,262024.3333,0.08,21847.602,112.848,124.506,9.991846446,1.682537903,0.156214324,0.096209639,1.526323579,1.586328264,1.522298963,6.893023887,0.08
1/1/2022,263323.3333,0.12,21738.871,115.135,125.05,9.986857227,-0.498921881,0.494530662,0.176596357,-0.993452544,-0.675518239,0.435974981,8.025428978,0.12
4/1/2022,263691,0.77,21708.16,117.671,125.423,9.985443506,-0.141372169,0.13952817,0.173848604,-0.280900339,-0.315220773,0.297836714,8.714896749,0.77
7/1/2022,264184,2.19,21851.134,118.962,127.578,9.992008098,0.656459278,0.186786699,0.172770303,0.469672579,0.483688975,1.703591779,4.364607841,2.19
10/1/2022,264695.6667,3.653333333,21989.981,120.093,127.708,9.99834222,0.633412103,0.193490829,0.171923307,0.439921274,0.461488795,0.101846565,3.784931296,3.653333333
1/1/2023,266115.3333,4.516666667,22112.329,121.261,129.797,10.00389061,0.554838574,0.534906041,0.24625777,0.019932533,0.308580804,1.622528362,3.871521891,4.516666667
4/1/2023,266620.6667,4.99,22225.35,121.766,131.544,10.00898881,0.509820303,0.189712535,0.255943058,0.320107769,0.253877246,1.336970489,1.662369126,4.99
7/1/2023,267214.3333,5.26,22490.692,122.762,133.036,10.02085681,1.186800542,0.222415882,0.264698143,0.96438466,0.922102399,1.127837188,3.258540562,5.26
10/1/2023,267818.3333,5.33,22679.255,123.271,133.302,10.02920591,0.834909527,0.225780702,0.27339394,0.609128824,0.561515587,0.199746254,1.655064894,5.33
1/1/2024,267711.6667,5.33,22749.846,124.203,134.71,10.03231366,0.310774615,-0.039835926,0.206598116,0.350610541,0.104176498,1.050708889,3.012855997,5.33
4/1/2024,268157,5.33,,,,,,0.166209918,0.209933335,,,,,5.33
